kind	old	new
backlog	00001	001-backlog
backlog	00010-existing	010-existing
backlog	00019	019-backlog
backlog	00020-idempotent	020-idempotent
backlog	00042	042-backlog
backlog	00050	050-backlog
backlog	00053	053-backlog
backlog	00059	059-backlog
backlog	00063	063-backlog
backlog	00099	099-backlog
	00099-new-row	099-new-row
feature	001	001-feature
feature	002	002-feature
	00200-end-to-end	200-end-to-end
backlog	00777	777-backlog
feature	1-a	001-a
feature	1-alpha	001-alpha
feature	1-b	001-b
bug	1-bug-a	001-bug-a
feature	1-c	001-c
feature	1-collide	001-collide
bug	1-defensive-bug	001-defensive-bug
bug	1-foo	001-foo
feature	1-only	001-only
backlog	11-bypass	011-bypass
backlog	12345	12345-backlog
bug	2-bar	002-bar
feature	2-beta	002-beta
task	2-defensive-task	002-defensive-task
task	2-task-a	002-task-a
bug	3-baz	003-baz
bug	3-keep-open	003-keep-open
bug	4-defensive	004-defensive
bug	4-replay	004-replay
bug	5-conflict	005-conflict
bug	6-foreign	006-foreign
bug	7-manual	007-manual
bug	8-event	008-event
bug	9-orphan	009-orphan
project	P001	001-p001
project	P004-entity-db-redesign	001-p004-entity-db-redesign
project	P01-demo	001-p01-demo
project	P02-widget	001-p02-widget
project	P03-nosource	001-p03-nosource
project	P04-nokeys	001-p04-nokeys
project	P06-nocreated	001-p06-nocreated
project	P1	001-p1
feature	a	002-a
project	a	002-a
feature	a1	001-a1
feature	a1x	001-a1x
feature	a2	001-a2
feature	aband-feat	001-aband-feat
feature	aband-nolcp	001-aband-nolcp
feature	active-blocker	001-active-blocker
feature	active-finish	001-active-finish
feature	active-nolcp	001-active-nolcp
feature	af-001	001-af-001
feature	all-fields	001-all-fields
feature	and-a-backlog	001-and-a-backlog
feature	and-a-wip	001-and-a-wip
feature	and-b-wip	001-and-b-wip
feature	another-good	001-another-good
brainstorm	archived-bs	20260101-000001-archived-bs
feature	atomicity-001	001-atomicity-001
feature	b	002-b
backlog	b1	001-b1
brainstorm	b1	001-b1
feature	b1	001-b1
feature	b2	001-b2
feature	b3	001-b3
invalid_type	bad	001-bad
feature	bad-bh	001-bad-bh
feature	bad-enum	001-bad-enum
feature	bad-json	001-bad-json
feature	bad-meta	001-bad-meta
feature	bad-mode	001-bad-mode
feature	bad-phase	001-bad-phase
feature	bad-timing-val	001-bad-timing-val
feature	bad-ts	001-bad-ts
brainstorm	bar	20260101-000002-bar
feature	batch-001	001-batch-001
feature	batch-002	001-batch-002
backlog	batch-003	001-batch-003
feature	bf-a	001-bf-a
feature	bf-dup	001-bf-dup
feature	bf-dup2	001-bf-dup2
feature	bf-test	001-bf-test
feature	bf-w	001-bf-w
feature	bf-y	001-bf-y
feature	bf-z	001-bf-z
feature	bi-rollback	001-bi-rollback
feature	bi-test	001-bi-test
feature	big-meta	001-big-meta
backlog	bl-legacy	001-bl-legacy
backlog	bl-new	001-bl-new
backlog	bl-parent	001-bl-parent
backlog	bl-test	001-bl-test
backlog	bl-u1	001-bl-u1
feature	blk	001-blk
feature	blocked	001-blocked
feature	blocker	001-blocker
	blocker-x	001-blocker-x
backlog	blocker-x	001-blocker-x
brainstorm	blocker-x	001-blocker-x
bug	blocker-x	001-blocker-x
feature	blocker-x	001-blocker-x
task	blocker-x	001-blocker-x
feature	blocker1	001-blocker1
feature	both-ids	001-both-ids
feature	branch-test	001-branch-test
feature	branch-test2	001-branch-test2
brainstorm	bs-done-parent	20260101-000003-bs-done-parent
brainstorm	bs-legacy	20260101-000004-bs-legacy
brainstorm	bs-lonely	20260101-000005-bs-lonely
brainstorm	bs-managed	20260101-000006-bs-managed
brainstorm	bs-mixed	20260101-000007-bs-mixed
brainstorm	bs-multi-done	20260101-000008-bs-multi-done
brainstorm	bs-new	20260101-000009-bs-new
brainstorm	bs-one	20260101-000010-bs-one
brainstorm	bs-parent	20260101-000011-bs-parent
brainstorm	bs-test	20260101-000012-bs-test
brainstorm	bs-u1	20260101-000013-bs-u1
feature	c	002-c
feature	c1	001-c1
feature	cas-a	001-cas-a
feature	cas-b	001-cas-b
feature	case-test	001-case-test
feature	child	001-child
feature	child-1	001-child-1
feature	child-feat	001-child-feat
feature	child-mcp	001-child-mcp
feature	child2	001-child2
brainstorm	chk-invalid	20260101-000014-chk-invalid
feature	chk-kc	001-chk-kc
feature	chk-lcp	001-chk-lcp
feature	chk-mode	001-chk-mode
brainstorm	chk-null	001-chk-null
feature	chk-null	001-chk-null
feature	chk-wp	001-chk-wp
feature	ci-001	001-ci-001
feature	claim-1	001-claim-1
feature	clamp-test	001-clamp-test
feature	collide	002-collide
feature	combo	001-combo
feature	combo1	001-combo1
feature	combo2	001-combo2
feature	comp-feat	001-comp-feat
feature	corrupt-meta	001-corrupt-meta
feature	created-001	001-created-001
brainstorm	cross-1	20260101-000015-cross-1
project	crypto-tracker	001-crypto-tracker
feature	d	002-d
feature	d01-a	001-d01-a
feature	d02-b	001-d02-b
feature	d03-a	001-d03-a
feature	d04-c	001-d04-c
feature	d05-b	001-d05-b
feature	d06-a	001-d06-a
feature	d07-c	001-d07-c
feature	d08-b	001-d08-b
feature	db-err-child	001-db-err-child
feature	del-mcp	001-del-mcp
feature	del1	001-del1
feature	dep-001-a	001-dep-001-a
feature	dep-001-b	001-dep-001-b
feature	dep-a	001-dep-a
feature	dep-b	001-dep-b
feature	dep-c	001-dep-c
feature	dep7-blocked	001-dep7-blocked
feature	dep7-blocked-u	001-dep7-blocked-u
feature	dep7-blocker	001-dep7-blocker
feature	dep7-blocker-u	001-dep7-blocker-u
feature	dep7-conflict-blocker	001-dep7-conflict-blocker
feature	dep7-conflict-target	001-dep7-conflict-target
feature	dep7-noop-blocker	001-dep7-noop-blocker
feature	dep7-noop-target	001-dep7-noop-target
feature	dep7-self	001-dep7-self
feature	dep7-unresolvable	001-dep7-unresolvable
feature	detail-no-switcher	001-detail-no-switcher
feature	dir-test	001-dir-test
feature	downstream	001-downstream
feature	downstream-x	001-downstream-x
feature	dual-test	001-dual-test
feature	dup	001-dup
feature	dup-adv	001-dup-adv
feature	dup-msg	001-dup-msg
feature	dup-test	001-dup-test
feature	dup1	001-dup1
feature	dw-001	001-dw-001
feature	e-001	001-e-001
feature	e0	001-e0
project	e0	001-e0
feature	e1	001-e1
feature	e10	001-e10
feature	e11	001-e11
feature	e12	001-e12
feature	e14	001-e14
feature	e2	001-e2
feature	e2-a1	001-e2-a1
feature	e4	001-e4
feature	e9	001-e9
feature	ee-001	001-ee-001
feature	ef-001	001-ef-001
feature	empty-a1	001-empty-a1
feature	empty-timing	001-empty-timing
brainstorm	err-test	20260101-000016-err-test
feature	evtf-blocker	001-evtf-blocker
feature	evtf-dependent	001-evtf-dependent
feature	ews1	001-ews1
feature	ews2	001-ews2
feature	excl-a1	001-excl-a1
feature	excl-b1	001-excl-b1
project	existing-p	001-existing-p
feature	explicit-blank	001-explicit-blank
feature	extra-fields	001-extra-fields
feature	f-canary	001-f-canary
feature	f-child	001-f-child
feature	f-child2	001-f-child2
feature	f-done	001-f-done
feature	f-done-child	001-f-done-child
feature	f-good	001-f-good
feature	f-lateral	001-f-lateral
feature	f-mix-active	001-f-mix-active
feature	f-mix-done	001-f-mix-done
feature	f-nometa	001-f-nometa
feature	f-wip	001-f-wip
feature	f1	001-f1
feature	f1-active	001-f1-active
feature	f1-sub	001-f1-sub
feature	f2	001-f2
feature	f2-done	001-f2-done
feature	f3	001-f3
feature	f3-planned	001-f3-planned
feature	f4	001-f4
feature	f4-abandoned	001-f4-abandoned
feature	f5	001-f5
feature	f6	001-f6
feature	f7	001-f7
feature	f8	001-f8
feature	f99	001-f99
feature	fa	001-fa
feature	fail-fts	001-fail-fts
feature	fb	001-fb
feature	fb-test	001-fb-test
feature	feat-001	001-feat-001
feature	feat-1	001-feat-1
feature	feat-alpha	001-feat-alpha
feature	feat-beta	001-feat-beta
feature	fin-test	001-fin-test
feature	fk-del	001-fk-del
feature	fm-only-drift	001-fm-only-drift
feature	fmt-a	001-fmt-a
feature	fmt-b	001-fmt-b
feature	fmt-footer	001-fmt-footer
feature	fmt-nostatus	001-fmt-nostatus
feature	fmt-status	001-fmt-status
brainstorm	fmt-type	20260101-000017-fmt-type
brainstorm	foo	20260101-000018-foo
feature	fr4-immut	001-fr4-immut
feature	fr4-mismatch	001-fr4-mismatch
feature	fresh-blocked	001-fresh-blocked
feature	fresh-blocker	001-fresh-blocker
feature	fts-batch	001-fts-batch
feature	fts-test	001-fts-test
feature	ftstest	001-ftstest
feature	get-test	001-get-test
feature	good-entity	001-good-entity
project	gp	001-gp
feature	h4-001	001-h4-001
initiative	i001-skip	001-i001-skip
initiative	i002-comp	001-i002-comp
initiative	i003-trans	001-i003-trans
initiative	i009-newborn	001-i009-newborn
initiative	i010-blocker	001-i010-blocker
initiative	i011-blocked	001-i011-blocked
initiative	i020-deep	001-i020-deep
initiative	i1	001-i1
initiative	i100-lifecycle	001-i100-lifecycle
initiative	i101-trans	001-i101-trans
initiative	i102-full	001-i102-full
initiative	i103-blocker	001-i103-blocker
initiative	i110-parent	001-i110-parent
initiative	i111-multi	001-i111-multi
initiative	i112-cascade	001-i112-cascade
initiative	i120-no-auto	001-i120-no-auto
initiative	i121-no-cascade-adv	001-i121-no-cascade-adv
initiative	i130-blocker	001-i130-blocker
initiative	i131-blocked	001-i131-blocked
initiative	i132-blocker	001-i132-blocker
initiative	i133-blocked	001-i133-blocked
initiative	i140-state	001-i140-state
initiative	i141-no-wf	001-i141-no-wf
initiative	i150-abn	001-i150-abn
initiative	i151-cascade	001-i151-cascade
brainstorm	idea-1	20260101-000019-idea-1
feature	idem-a	001-idem-a
feature	idem-b	001-idem-b
brainstorm	idempotent-stored	20260101-000020-idempotent-stored
brainstorm	idempotent-validate	20260101-000021-idempotent-validate
feature	immut	001-immut
feature	immut2	001-immut2
feature	immut3	001-immut3
backlog	item-1	001-item-1
backlog	item-42	001-item-42
brainstorm	kanban-board	20260101-000022-kanban-board
key_result	kr-a	001-kr-a
key_result	kr-abandoned	001-kr-abandoned
key_result	kr-b	001-kr-b
key_result	kr-bad	001-kr-bad
key_result	kr-bad-w	001-kr-bad-w
key_result	kr-done	001-kr-done
key_result	kr-heavy	001-kr-heavy
key_result	kr-int	001-kr-int
key_result	kr-lateral	001-kr-lateral
key_result	kr-light	001-kr-light
key_result	kr-new	001-kr-new
key_result	kr-ok	001-kr-ok
key_result	kr-still-saved	001-kr-still-saved
key_result	kr-upd	001-kr-upd
key_result	kr-w1	001-kr-w1
key_result	kr-w3	001-kr-w3
key_result	kr-z1	001-kr-z1
key_result	kr001-comp	001-kr001-comp
key_result	kr002-term	001-kr002-term
key_result	kr1	001-kr1
key_result	kr2	001-kr2
key_result	kr3	001-kr3
key_result	kr3a	001-kr3a
key_result	kr3b	001-kr3b
key_result	kr3c	001-kr3c
key_result	kr4	001-kr4
key_result	kr5	001-kr5
key_result	kr7	001-kr7
key_result	kr8a	001-kr8a
key_result	kr8b	001-kr8b
brainstorm	lcp-test	20260101-000023-lcp-test
feature	leaf	001-leaf
brainstorm	legacy-agent-detail	20260101-000024-legacy-agent-detail
feature	legacy-agent-list	001-legacy-agent-list
brainstorm	legacy-bs	20260101-000025-legacy-bs
feature	legacy-human-detail	001-legacy-human-detail
feature	legacy-human-list	001-legacy-human-list
feature	lim	001-lim
feature	lin-err	001-lin-err
feature	lock-001	001-lock-001
feature	lone-blocked	001-lone-blocked
feature	lone-blocked-2	001-lone-blocked-2
feature	manual-edit	001-manual-edit
feature	mcp-empty	001-mcp-empty
feature	mcp-ft	001-mcp-ft
brainstorm	mcp-ft2	20260101-000026-mcp-ft2
feature	mcp-num	001-mcp-num
feature	mcp-ops	001-mcp-ops
feature	mcp-str	001-mcp-str
feature	mcp-ws	001-mcp-ws
feature	meta-b	001-meta-b
feature	meta-bad-001	001-meta-bad-001
feature	meta-dict-001	001-meta-dict-001
feature	meta-none-001	001-meta-none-001
feature	meta-str-001	001-meta-str-001
feature	meta-test	001-meta-test
feature	meta-upd-001	001-meta-upd-001
feature	mid	001-mid
feature	mid-phase	001-mid-phase
brainstorm	minimal	20260101-000027-minimal
brainstorm	mix-bs	20260101-000028-mix-bs
brainstorm	msg-probe-1	20260101-000029-msg-probe-1
backlog	msg-probe-2	001-msg-probe-2
feature	multi-blocked	001-multi-blocked
feature	multi-documenting	001-multi-documenting
feature	mut-empty	001-mut-empty
feature	mut-old	001-mut-old
feature	mut-prefix	001-mut-prefix
feature	my-feature	001-my-feature
feature	ncas-a	001-ncas-a
feature	ncas-b	001-ncas-b
feature	new	001-new
feature	newer	001-newer
feature	no-meta	001-no-meta
feature	no-txn	001-no-txn
brainstorm	no-workflow-row	20260101-000030-no-workflow-row
brainstorm	no-wp	20260101-000031-no-wp
feature	nodep-a	001-nodep-a
feature	nonexistent	001-nonexistent
feature	null-wp	001-null-wp
objective	o001-comp	001-o001-comp
objective	o1	001-o1
objective	o100-lifecycle	001-o100-lifecycle
objective	o101-trans	001-o101-trans
objective	o102-no-disc	001-o102-no-disc
objective	o110-child	001-o110-child
objective	o111-done	001-o111-done
objective	o112-active	001-o112-active
objective	o113-cascade	001-o113-cascade
objective	o120-child	001-o120-child
objective	o121-explicit	001-o121-explicit
objective	o130-blocker	001-o130-blocker
objective	o131-blocked	001-o131-blocked
objective	o140-state	001-o140-state
objective	o150-active	001-o150-active
objective	o151-active	001-o151-active
objective	o2	001-o2
objective	o3	001-o3
objective	o6	001-o6
objective	o7	001-o7
objective	o8	001-o8
objective	obj-correct	001-obj-correct
objective	obj-empty	001-obj-empty
objective	obj-noscore	001-obj-noscore
objective	obj-stale	001-obj-stale
objective	obj-weighted	001-obj-weighted
feature	ok	001-ok
feature	okr-001	001-okr-001
feature	okr-kr-001	001-okr-kr-001
feature	older	001-older
feature	omit-btr	001-omit-btr
feature	omit-lcp	001-omit-lcp
feature	orphan	001-orphan
feature	orphan-child	001-orphan-child
feature	orphan-owner	001-orphan-owner
feature	orphan-ws	001-orphan-ws
brainstorm	other	20260101-000032-other
feature	other-row-present	001-other-row-present
feature	p	001-p
project	p001-alpha	001-p001-alpha
project	p002-beta	001-p002-beta
project	p003-gamma	001-p003-gamma
project	p004-delta	001-p004-delta
project	p010-skip	001-p010-skip
project	p011-bad	001-p011-bad
project	p012-next	001-p012-next
project	p020-blocker	001-p020-blocker
project	p021-blocked	001-p021-blocked
project	p022-blocker	001-p022-blocker
project	p023-blocked	001-p023-blocked
project	p024-free	001-p024-free
project	p030-blocker	001-p030-blocker
project	p031-proj	001-p031-proj
project	p040-b1	001-p040-b1
project	p041-b2	001-p041-b2
project	p042-blocked	001-p042-blocked
project	p043-resolved-blocker	001-p043-resolved-blocker
project	p044-survives	001-p044-survives
project	p045-resolved	001-p045-resolved
project	p046-unresolved	001-p046-unresolved
project	p047-mixed	001-p047-mixed
project	p050-solo	001-p050-solo
project	p051-parent	001-p051-parent
project	p052-done-kids	001-p052-done-kids
project	p053-cascade	001-p053-cascade
project	p054-mixed	001-p054-mixed
project	p055-list	001-p055-list
project	p056-deep	001-p056-deep
project	p060-anomaly	001-p060-anomaly
project	p061-clean	001-p061-clean
project	p062-multi	001-p062-multi
project	p063-non-term	001-p063-non-term
project	p1	002-p1
project	p2	001-p2
project	parent	001-parent
brainstorm	parent-bs	20260101-000033-parent-bs
project	parent-db-err	001-parent-db-err
project	parent-mcp	001-parent-mcp
project	parent-p	001-parent-p
project	parent-proj	001-parent-proj
project	parent-runtime	001-parent-runtime
project	parent2	001-parent2
feature	perf-025	001-perf-025
feature	pop-a1	001-pop-a1
feature	post-error	001-post-error
project	pr1	001-pr1
project	proj-1	001-proj-1
project	proj-a	001-proj-a
feature	proj-a-feat	001-proj-a-feat
project	proj-alpha	001-proj-alpha
project	proj-b	001-proj-b
feature	proj-b-feat	001-proj-b-feat
project	proj-one	001-proj-one
feature	q1	001-q1
feature	q2	001-q2
feature	r1	001-r1
feature	raw-unknown-list	001-raw-unknown-list
feature	rb-test	001-rb-test
feature	rc-mut	001-rc-mut
feature	rc-test	001-rc-test
feature	reattr1	001-reattr1
feature	recon	001-recon
feature	reg-test	001-reg-test
feature	rerun-001	001-rerun-001
feature	resolved-blocker	001-resolved-blocker
feature	rollback1	001-rollback1
project	root	001-root
feature	s1	001-s1
feature	s1-test	001-s1-test
feature	s2	001-s2
feature	s2-test	001-s2-test
feature	s3-test	001-s3-test
feature	s4-test	001-s4-test
feature	s5-test	001-s5-test
feature	same-id	001-same-id
feature	sc4-a	001-sc4-a
feature	sc4-b	001-sc4-b
feature	sc4-c	001-sc4-c
feature	sc4-d	001-sc4-d
feature	sc4-e	001-sc4-e
feature	sc4-f	001-sc4-f
feature	sc4-g	001-sc4-g
brainstorm	sc4-probe	20260101-000034-sc4-probe
feature	scan-1	001-scan-1
feature	scan-2	001-scan-2
feature	scope-a1	001-scope-a1
feature	scope-b1	001-scope-b1
feature	search-test	001-search-test
feature	searchme	001-searchme
feature	searchother	001-searchother
feature	selfie	001-selfie
feature	sf-001	001-sf-001
brainstorm	skip-1	20260101-000035-skip-1
backlog	skip-to-dropped	001-skip-to-dropped
feature	solo	001-solo
project	solo	001-solo
brainstorm	some-brainstorm	20260101-000036-some-brainstorm
feature	stale-blocked	001-stale-blocked
feature	stale-blocker	001-stale-blocker
feature	star-a1	001-star-a1
feature	status-changed-001	001-status-changed-001
feature	str-skip	001-str-skip
task	t1	001-t1
feature	tag-001	001-tag-001
task	task-1	001-task-1
brainstorm	term-ab	20260101-000037-term-ab
backlog	term-dr	001-term-dr
backlog	terminal-probe	001-terminal-probe
brainstorm	terminal-probe	001-terminal-probe
brainstorm	test	003-test
feature	test	003-test
brainstorm	test-bs	20260101-000038-test-bs
feature	test-id	001-test-id
brainstorm	test-idea	20260101-000039-test-idea
feature	test-rebuild	001-test-rebuild
feature	trig-test	001-trig-test
feature	trunc-001	001-trunc-001
feature	ts-check	001-ts-check
feature	txn-nest	001-txn-nest
feature	u1	001-u1
feature	u2	001-u2
feature	u3	001-u3
feature	u4	001-u4
feature	u5	001-u5
feature	u6	001-u6
feature	u7	001-u7
feature	u8	001-u8
feature	unique1	001-unique1
feature	unset-btr	001-unset-btr
feature	unset-lcp	001-unset-lcp
feature	upd-fail	001-upd-fail
feature	upd-meta	001-upd-meta
feature	upd-name	001-upd-name
feature	upd-path	001-upd-path
feature	upd-status	001-upd-status
feature	upsert-new-002	001-upsert-new-002
feature	upsert-noop-004	001-upsert-noop-004
feature	upsert-sc-003	001-upsert-sc-003
feature	wf-err	001-wf-err
feature	wl-err	001-wl-err
feature	wp-init-001	001-wp-init-001
feature	wp1	001-wp1
feature	wp2	001-wp2
invalid_type	x	002-x
feature	xss-test	001-xss-test
